-- MySQL dump 10.13  Distrib 8.0.19, for Win64 (x86_64)
--
-- Host: localhost    Database: school
-- ------------------------------------------------------
-- Server version	8.0.19

/*!40101 SET @OLD_CHARACTER_SET_CLIENT=@@CHARACTER_SET_CLIENT */;
/*!40101 SET @OLD_CHARACTER_SET_RESULTS=@@CHARACTER_SET_RESULTS */;
/*!40101 SET @OLD_COLLATION_CONNECTION=@@COLLATION_CONNECTION */;
/*!50503 SET NAMES utf8 */;
/*!40103 SET @OLD_TIME_ZONE=@@TIME_ZONE */;
/*!40103 SET TIME_ZONE='+00:00' */;
/*!40014 SET @OLD_UNIQUE_CHECKS=@@UNIQUE_CHECKS, UNIQUE_CHECKS=0 */;
/*!40014 SET @OLD_FOREIGN_KEY_CHECKS=@@FOREIGN_KEY_CHECKS, FOREIGN_KEY_CHECKS=0 */;
/*!40101 SET @OLD_SQL_MODE=@@SQL_MODE, SQL_MODE='NO_AUTO_VALUE_ON_ZERO' */;
/*!40111 SET @OLD_SQL_NOTES=@@SQL_NOTES, SQL_NOTES=0 */;

--
-- Table structure for table `likes`
--

DROP TABLE IF EXISTS `likes`;
/*!40101 SET @saved_cs_client     = @@character_set_client */;
/*!50503 SET character_set_client = utf8 */;
CREATE TABLE `likes` (
  `id` int NOT NULL AUTO_INCREMENT,
  `likeUserId` int DEFAULT NULL COMMENT '代表“我”',
  `likedUserId` int DEFAULT NULL COMMENT '喜欢 她',
  `update_time` datetime DEFAULT NULL,
  `add_time` datetime DEFAULT NULL,
  `deleted` tinyint(1) DEFAULT '0',
  `likeSchoolName` varchar(200) DEFAULT NULL,
  `likedSchoolName` varchar(200) DEFAULT NULL,
  PRIMARY KEY (`id`),
  KEY `likes_user__fk` (`likeUserId`),
  KEY `likes_user__fk_2` (`likedUserId`),
  CONSTRAINT `likes_user__fk` FOREIGN KEY (`likeUserId`) REFERENCES `user` (`id`) ON DELETE CASCADE ON UPDATE CASCADE,
  CONSTRAINT `likes_user__fk_2` FOREIGN KEY (`likedUserId`) REFERENCES `user` (`id`) ON DELETE CASCADE ON UPDATE CASCADE
) ENGINE=InnoDB AUTO_INCREMENT=443 DEFAULT CHARSET=utf8 COLLATE=utf8_general_ci;
/*!40101 SET character_set_client = @saved_cs_client */;

--
-- Dumping data for table `likes`
--

LOCK TABLES `likes` WRITE;
/*!40000 ALTER TABLE `likes` DISABLE KEYS */;
INSERT INTO `likes` VALUES (338,3,4,'2020-10-27 12:21:17','2020-10-22 17:31:54',0,'广东外语外贸大学','中山大学ZSDX'),(339,4,3,'2020-10-27 11:27:03','2020-10-22 17:32:21',0,'中山大学ZSDX1','广东外语外贸大学'),(340,4,3,'2020-10-27 11:24:33','2020-10-22 17:35:24',0,'中山大学ZSDX','广东外语外贸大学'),(341,3,4,'2020-10-27 12:21:17','2020-10-22 17:31:54',0,'广东外语外贸大学','中山大学ZSDX'),(342,4,1,'2020-10-27 11:24:33','2020-10-27 11:22:27',0,'中山大学ZSDX1','广东无语外贸大学'),(343,4,1,'2020-10-27 11:26:26','2020-10-27 11:26:18',0,'中山大学ZSDX1','广东无语外贸大学'),(344,4,2,'2020-10-27 11:27:03','2020-10-27 11:26:31',0,'中山大学ZSDX1','GDUFS'),(345,4,1,'2020-10-27 11:34:28','2020-10-27 11:26:42',0,'中山大学ZSDX1','广东无语外贸大学'),(346,1,4,'2020-10-27 12:21:17','2020-10-27 11:27:19',0,'广东无语外贸大学','中山大学ZSDX1'),(347,4,3,'2020-10-27 12:21:17','2020-10-27 11:27:53',0,'中山大学ZSDX1','广东外语外贸大学'),(348,355,383,'2020-10-27 22:52:20','2020-10-27 22:52:20',0,'学校18','学校46'),(349,371,369,'2020-10-27 22:52:20','2020-10-27 22:52:20',0,'学校34','学校32'),(350,358,357,'2020-10-27 22:52:21','2020-10-27 22:52:21',0,'学校21','学校20'),(351,429,419,'2020-10-27 22:52:21','2020-10-27 22:52:21',0,'学校92','学校82'),(352,360,403,'2020-10-27 22:52:21','2020-10-27 22:52:21',0,'学校23','学校66'),(353,431,356,'2020-10-27 22:52:21','2020-10-27 22:52:21',0,'学校94','学校19'),(354,397,415,'2020-10-27 22:52:21','2020-10-27 22:52:21',0,'学校60','学校78'),(355,2,424,'2020-10-27 22:52:21','2020-10-27 22:52:21',0,'GDUFS','学校87'),(356,354,391,'2020-10-27 22:52:22','2020-10-27 22:52:22',0,'学校17','学校54'),(357,430,408,'2020-10-27 22:52:22','2020-10-27 22:52:22',0,'学校93','学校71'),(358,420,386,'2020-10-27 22:52:22','2020-10-27 22:52:22',0,'学校83','学校49'),(359,367,412,'2020-10-27 22:52:22','2020-10-27 22:52:22',0,'学校30','学校75'),(360,423,350,'2020-10-27 22:52:22','2020-10-27 22:52:22',0,'学校86','学校13'),(361,363,422,'2020-10-27 22:52:22','2020-10-27 22:52:22',0,'学校26','学校85'),(362,423,410,'2020-10-27 22:52:22','2020-10-27 22:52:22',0,'学校86','学校73'),(363,427,380,'2020-10-27 22:52:22','2020-10-27 22:52:22',0,'学校90','学校43'),(364,341,416,'2020-10-27 22:52:22','2020-10-27 22:52:22',0,'学校4','学校79'),(365,404,414,'2020-10-27 22:52:22','2020-10-27 22:52:22',0,'学校67','学校77'),(366,363,424,'2020-10-27 22:52:23','2020-10-27 22:52:23',0,'学校26','学校87'),(367,391,432,'2020-10-27 22:52:23','2020-10-27 22:52:23',0,'学校54','学校95'),(368,411,404,'2020-10-27 22:52:23','2020-10-27 22:52:23',0,'学校74','学校67'),(369,365,417,'2020-10-27 22:52:23','2020-10-27 22:52:23',0,'学校28','学校80'),(370,348,393,'2020-10-27 22:52:23','2020-10-27 22:52:23',0,'学校11','学校56'),(371,410,387,'2020-10-27 22:52:23','2020-10-27 22:52:23',0,'学校73','学校50'),(372,355,344,'2020-10-27 22:52:23','2020-10-27 22:52:23',0,'学校18','学校7'),(373,431,368,'2020-10-27 22:52:23','2020-10-27 22:52:23',0,'学校94','学校31'),(374,412,364,'2020-10-27 22:52:23','2020-10-27 22:52:23',0,'学校75','学校27'),(375,399,428,'2020-10-27 22:52:23','2020-10-27 22:52:23',0,'学校62','学校91'),(376,4,348,'2020-10-27 22:52:23','2020-10-27 22:52:23',0,'中山大学ZSDX1','学校11'),(377,341,426,'2020-10-27 22:52:23','2020-10-27 22:52:23',0,'学校4','学校89'),(378,409,400,'2020-10-27 22:52:23','2020-10-27 22:52:23',0,'学校72','学校63'),(379,426,428,'2020-10-27 22:52:24','2020-10-27 22:52:24',0,'学校89','学校91'),(380,379,2,'2020-10-27 22:52:24','2020-10-27 22:52:24',0,'学校42','GDUFS'),(381,394,367,'2020-10-27 22:52:24','2020-10-27 22:52:24',0,'学校57','学校30'),(382,367,428,'2020-10-27 22:52:24','2020-10-27 22:52:24',0,'学校30','学校91'),(383,377,412,'2020-10-27 22:52:24','2020-10-27 22:52:24',0,'学校40','学校75'),(384,423,417,'2020-10-27 22:52:24','2020-10-27 22:52:24',0,'学校86','学校80'),(385,414,346,'2020-10-27 22:52:24','2020-10-27 22:52:24',0,'学校77','学校9'),(386,365,427,'2020-10-27 22:52:24','2020-10-27 22:52:24',0,'学校28','学校90'),(387,341,365,'2020-10-27 22:52:24','2020-10-27 22:52:24',0,'学校4','学校28'),(388,407,429,'2020-10-27 22:52:24','2020-10-27 22:52:24',0,'学校70','学校92'),(389,396,425,'2020-10-27 22:52:25','2020-10-27 22:52:25',0,'学校59','学校88'),(390,349,430,'2020-10-27 22:52:25','2020-10-27 22:52:25',0,'学校12','学校93'),(391,369,397,'2020-10-27 22:52:25','2020-10-27 22:52:25',0,'学校32','学校60'),(392,391,421,'2020-10-27 22:52:25','2020-10-27 22:52:25',0,'学校54','学校84'),(393,413,410,'2020-10-27 22:52:25','2020-10-27 22:52:25',0,'学校76','学校73'),(394,395,407,'2020-10-27 22:52:25','2020-10-27 22:52:25',0,'学校58','学校70'),(395,375,406,'2020-10-27 22:52:25','2020-10-27 22:52:25',0,'学校38','学校69'),(396,346,392,'2020-10-27 22:52:25','2020-10-27 22:52:25',0,'学校9','学校55'),(397,369,340,'2020-10-27 22:52:25','2020-10-27 22:52:25',0,'学校32','学校3'),(398,371,378,'2020-10-27 22:52:25','2020-10-27 22:52:25',0,'学校34','学校41'),(399,393,421,'2020-10-27 22:52:25','2020-10-27 22:52:25',0,'学校56','学校84'),(400,385,406,'2020-10-27 22:52:26','2020-10-27 22:52:26',0,'学校48','学校69'),(401,417,419,'2020-10-27 22:52:26','2020-10-27 22:52:26',0,'学校80','学校82'),(402,372,344,'2020-10-27 22:52:26','2020-10-27 22:52:26',0,'学校35','学校7'),(403,413,399,'2020-10-27 22:52:26','2020-10-27 22:52:26',0,'学校76','学校62'),(404,397,418,'2020-10-27 22:52:26','2020-10-27 22:52:26',0,'学校60','学校81'),(405,375,398,'2020-10-27 22:52:26','2020-10-27 22:52:26',0,'学校38','学校61'),(406,418,357,'2020-10-27 22:52:26','2020-10-27 22:52:26',0,'学校81','学校20'),(407,354,416,'2020-10-27 22:52:26','2020-10-27 22:52:26',0,'学校17','学校79'),(408,422,419,'2020-10-27 22:52:26','2020-10-27 22:52:26',0,'学校85','学校82'),(409,421,428,'2020-10-27 22:52:26','2020-10-27 22:52:26',0,'学校84','学校91'),(410,350,357,'2020-10-27 22:52:26','2020-10-27 22:52:26',0,'学校13','学校20'),(411,343,386,'2020-10-27 22:52:27','2020-10-27 22:52:27',0,'学校6','学校49'),(412,372,360,'2020-10-27 22:52:27','2020-10-27 22:52:27',0,'学校35','学校23'),(413,342,356,'2020-10-27 22:52:27','2020-10-27 22:52:27',0,'学校5','学校19'),(414,359,346,'2020-10-27 22:52:27','2020-10-27 22:52:27',0,'学校22','学校9'),(415,417,367,'2020-10-27 22:52:27','2020-10-27 22:52:27',0,'学校80','学校30'),(416,388,420,'2020-10-27 22:52:27','2020-10-27 22:52:27',0,'学校51','学校83'),(417,362,1,'2020-10-27 22:52:27','2020-10-27 22:52:27',0,'学校25','广东无语外贸大学'),(418,425,385,'2020-10-27 22:52:27','2020-10-27 22:52:27',0,'学校88','学校48'),(419,366,377,'2020-10-27 22:52:27','2020-10-27 22:52:27',0,'学校29','学校40'),(420,388,3,'2020-10-27 22:52:27','2020-10-27 22:52:27',0,'学校51','广东外语外贸大学'),(421,392,348,'2020-10-27 22:52:28','2020-10-27 22:52:28',0,'学校55','学校11'),(422,363,425,'2020-10-27 22:52:28','2020-10-27 22:52:28',0,'学校26','学校88'),(423,371,406,'2020-10-27 22:52:28','2020-10-27 22:52:28',0,'学校34','学校69'),(424,343,388,'2020-10-27 22:52:28','2020-10-27 22:52:28',0,'学校6','学校51'),(425,356,415,'2020-10-27 22:52:28','2020-10-27 22:52:28',0,'学校19','学校78'),(426,429,389,'2020-10-27 22:52:28','2020-10-27 22:52:28',0,'学校92','学校52'),(427,395,346,'2020-10-27 22:52:28','2020-10-27 22:52:28',0,'学校58','学校9'),(428,402,375,'2020-10-27 22:52:28','2020-10-27 22:52:28',0,'学校65','学校38'),(429,353,411,'2020-10-27 22:52:28','2020-10-27 22:52:28',0,'学校16','学校74'),(430,346,406,'2020-10-27 22:52:28','2020-10-27 22:52:28',0,'学校9','学校69'),(431,387,377,'2020-10-27 22:52:29','2020-10-27 22:52:29',0,'学校50','学校40'),(432,398,386,'2020-10-27 22:52:29','2020-10-27 22:52:29',0,'学校61','学校49'),(433,373,410,'2020-10-27 22:52:29','2020-10-27 22:52:29',0,'学校36','学校73'),(434,345,397,'2020-10-27 22:52:29','2020-10-27 22:52:29',0,'学校8','学校60'),(435,387,384,'2020-10-27 22:52:29','2020-10-27 22:52:29',0,'学校50','学校47'),(436,358,419,'2020-10-27 22:52:30','2020-10-27 22:52:30',0,'学校21','学校82'),(437,356,381,'2020-10-27 22:52:30','2020-10-27 22:52:30',0,'学校19','学校44'),(438,3,414,'2020-10-27 22:52:30','2020-10-27 22:52:30',0,'广东外语外贸大学','学校77'),(439,422,364,'2020-10-27 22:52:30','2020-10-27 22:52:30',0,'学校85','学校27'),(440,375,383,'2020-10-27 22:52:30','2020-10-27 22:52:30',0,'学校38','学校46'),(441,430,375,'2020-10-27 22:52:30','2020-10-27 22:52:30',0,'学校93','学校38'),(442,422,359,'2020-10-27 22:52:30','2020-10-27 22:52:30',0,'学校85','学校22');
/*!40000 ALTER TABLE `likes` ENABLE KEYS */;
UNLOCK TABLES;

--
-- Table structure for table `pics`
--

DROP TABLE IF EXISTS `pics`;
/*!40101 SET @saved_cs_client     = @@character_set_client */;
/*!50503 SET character_set_client = utf8 */;
CREATE TABLE `pics` (
  `id` int NOT NULL AUTO_INCREMENT,
  `userId` int DEFAULT NULL,
  `location` varchar(200) DEFAULT NULL,
  `type` int NOT NULL COMMENT '1头像，2logo，3签章',
  `add_time` datetime DEFAULT NULL,
  `update_time` datetime DEFAULT NULL,
  `deleted` tinyint(1) DEFAULT '0',
  PRIMARY KEY (`id`),
  KEY `pics_user__fk` (`userId`),
  CONSTRAINT `pics_user__fk` FOREIGN KEY (`userId`) REFERENCES `user` (`id`) ON DELETE CASCADE ON UPDATE CASCADE
) ENGINE=InnoDB AUTO_INCREMENT=8 DEFAULT CHARSET=utf8 COLLATE=utf8_general_ci COMMENT='由于一开始设计没考虑到，因此在此说明此表存所有用户传上来的资源，如图片，doc文档...,1:头像;2:学校logo;3:校长签章;4:mou模板';
/*!40101 SET character_set_client = @saved_cs_client */;

--
-- Dumping data for table `pics`
--

LOCK TABLES `pics` WRITE;
/*!40000 ALTER TABLE `pics` DISABLE KEYS */;
INSERT INTO `pics` VALUES (1,3,'d79b8d63-af3b-4d45-a12d-78048299aa18.jpg',2,'2020-10-22 16:13:39','2020-10-27 12:21:16',0),(2,3,'4eda0774-6f40-4935-b7f6-2a0435cd4e29.jpg',3,'2020-10-22 16:14:43','2020-10-27 12:21:16',0),(3,4,'632b10a5-8c65-48d4-baf5-c81ae63e0232.jpg',2,'2020-10-22 16:59:52','2020-10-27 12:21:16',0),(4,4,'6686c7dd-1aca-4044-9946-3ae8db7ded41.jpg',3,'2020-10-22 17:00:07','2020-10-27 12:21:16',0),(5,2,'56eeaff8-f3e2-40a9-9a07-9199bc43f63b.docx',4,'2020-10-22 18:21:27','2020-10-27 12:21:17',0),(6,2,'56eeaff8-f3e2-40a9-9a07-9199bc43f63b.docx',3,'2020-10-22 18:21:27','2020-10-27 12:21:17',0),(7,2,'56eeaff8-f3e2-40a9-9a07-9199bc43f63b.docx',2,'2020-10-22 18:21:27','2020-10-27 12:21:17',0);
/*!40000 ALTER TABLE `pics` ENABLE KEYS */;
UNLOCK TABLES;

--
-- Table structure for table `role`
--

DROP TABLE IF EXISTS `role`;
/*!40101 SET @saved_cs_client     = @@character_set_client */;
/*!50503 SET character_set_client = utf8 */;
CREATE TABLE `role` (
  `id` int NOT NULL AUTO_INCREMENT,
  `name` varchar(200) DEFAULT NULL,
  `desc` text,
  PRIMARY KEY (`id`)
) ENGINE=InnoDB AUTO_INCREMENT=5 DEFAULT CHARSET=utf8 COLLATE=utf8_general_ci;
/*!40101 SET character_set_client = @saved_cs_client */;

--
-- Dumping data for table `role`
--

LOCK TABLES `role` WRITE;
/*!40000 ALTER TABLE `role` DISABLE KEYS */;
INSERT INTO `role` VALUES (1,'ADMINISTRATOR',NULL),(2,'USER',NULL);
/*!40000 ALTER TABLE `role` ENABLE KEYS */;
UNLOCK TABLES;

--
-- Table structure for table `roletoauthorities`
--

DROP TABLE IF EXISTS `roletoauthorities`;
/*!40101 SET @saved_cs_client     = @@character_set_client */;
/*!50503 SET character_set_client = utf8 */;
CREATE TABLE `roletoauthorities` (
  `id` int NOT NULL AUTO_INCREMENT,
  `roleId` int DEFAULT NULL,
  `authority` varchar(200) DEFAULT NULL,
  PRIMARY KEY (`id`),
  KEY `roletoauthorities_role__fk` (`roleId`),
  CONSTRAINT `roletoauthorities_role__fk` FOREIGN KEY (`roleId`) REFERENCES `role` (`id`)
) ENGINE=InnoDB AUTO_INCREMENT=19 DEFAULT CHARSET=utf8 COLLATE=utf8_general_ci;
/*!40101 SET character_set_client = @saved_cs_client */;

--
-- Dumping data for table `roletoauthorities`
--

LOCK TABLES `roletoauthorities` WRITE;
/*!40000 ALTER TABLE `roletoauthorities` DISABLE KEYS */;
/*!40000 ALTER TABLE `roletoauthorities` ENABLE KEYS */;
UNLOCK TABLES;

--
-- Table structure for table `sign`
--

DROP TABLE IF EXISTS `sign`;
/*!40101 SET @saved_cs_client     = @@character_set_client */;
/*!50503 SET character_set_client = utf8 */;
CREATE TABLE `sign` (
  `id` int NOT NULL AUTO_INCREMENT,
  `signUserId` int DEFAULT NULL COMMENT '签约的一方',
  `signedUserId` int DEFAULT NULL COMMENT '被签约的一方\n',
  `update_time` datetime DEFAULT NULL,
  `add_time` datetime DEFAULT NULL,
  `deleted` tinyint(1) DEFAULT '0',
  `status` int DEFAULT '1' COMMENT '该则签约的状态，公示状态或隐藏状态',
  `signSchoolName` varchar(200) DEFAULT NULL,
  `signedSchoolName` varchar(200) DEFAULT NULL,
  PRIMARY KEY (`id`),
  KEY `sign_user__fk` (`signUserId`),
  KEY `sign_user__fk_2` (`signedUserId`),
  CONSTRAINT `sign_user__fk` FOREIGN KEY (`signUserId`) REFERENCES `user` (`id`) ON DELETE CASCADE ON UPDATE CASCADE,
  CONSTRAINT `sign_user__fk_2` FOREIGN KEY (`signedUserId`) REFERENCES `user` (`id`) ON DELETE CASCADE ON UPDATE CASCADE
) ENGINE=InnoDB AUTO_INCREMENT=115 DEFAULT CHARSET=utf8 COLLATE=utf8_general_ci;
/*!40101 SET character_set_client = @saved_cs_client */;

--
-- Dumping data for table `sign`
--

LOCK TABLES `sign` WRITE;
/*!40000 ALTER TABLE `sign` DISABLE KEYS */;
INSERT INTO `sign` VALUES (14,3,4,'2020-10-27 12:21:15','2020-10-22 17:40:31',0,1,'广东外语外贸大学','中山大学ZSDX'),(17,1,4,'2020-10-27 12:21:16','2020-10-27 11:27:19',0,1,'广东无语外贸大学','中山大学ZSDX1'),(18,391,421,'2020-10-27 22:52:50','2020-10-27 22:52:50',0,1,'学校54','学校84'),(19,367,412,'2020-10-27 22:52:50','2020-10-27 22:52:50',0,1,'学校30','学校75'),(20,377,412,'2020-10-27 22:52:50','2020-10-27 22:52:50',0,1,'学校40','学校75'),(21,354,391,'2020-10-27 22:52:51','2020-10-27 22:52:51',0,1,'学校17','学校54'),(22,375,383,'2020-10-27 22:52:51','2020-10-27 22:52:51',0,1,'学校38','学校46'),(23,429,419,'2020-10-27 22:52:51','2020-10-27 22:52:51',0,1,'学校92','学校82'),(24,3,4,'2020-10-27 22:52:51','2020-10-27 22:52:51',0,1,'广东外语外贸大学','中山大学ZSDX'),(25,431,356,'2020-10-27 22:52:51','2020-10-27 22:52:51',0,1,'学校94','学校19'),(26,4,2,'2020-10-27 22:52:51','2020-10-27 22:52:51',0,1,'中山大学ZSDX1','GDUFS'),(27,426,428,'2020-10-27 22:52:51','2020-10-27 22:52:51',0,1,'学校89','学校91'),(28,425,385,'2020-10-27 22:53:23','2020-10-27 22:53:23',0,1,'学校88','学校48'),(29,379,2,'2020-10-27 22:53:23','2020-10-27 22:53:23',0,1,'学校42','GDUFS'),(30,349,430,'2020-10-27 22:53:23','2020-10-27 22:53:23',0,1,'学校12','学校93'),(31,430,408,'2020-10-27 22:53:24','2020-10-27 22:53:24',0,1,'学校93','学校71'),(32,358,419,'2020-10-27 22:53:24','2020-10-27 22:53:24',0,1,'学校21','学校82'),(33,404,414,'2020-10-27 22:53:24','2020-10-27 22:53:24',0,1,'学校67','学校77'),(34,4,1,'2020-10-27 22:53:24','2020-10-27 22:53:24',0,1,'中山大学ZSDX1','广东无语外贸大学'),(35,354,391,'2020-10-27 22:53:24','2020-10-27 22:53:24',0,1,'学校17','学校54'),(36,4,1,'2020-10-27 22:53:24','2020-10-27 22:53:24',0,1,'中山大学ZSDX1','广东无语外贸大学'),(37,391,432,'2020-10-27 22:53:24','2020-10-27 22:53:24',0,1,'学校54','学校95'),(38,430,375,'2020-10-27 22:53:24','2020-10-27 22:53:24',0,1,'学校93','学校38'),(39,343,386,'2020-10-27 22:53:24','2020-10-27 22:53:24',0,1,'学校6','学校49'),(40,341,365,'2020-10-27 22:53:24','2020-10-27 22:53:24',0,1,'学校4','学校28'),(41,421,428,'2020-10-27 22:53:24','2020-10-27 22:53:24',0,1,'学校84','学校91'),(42,4,1,'2020-10-27 22:53:25','2020-10-27 22:53:25',0,1,'中山大学ZSDX1','广东无语外贸大学'),(43,423,417,'2020-10-27 22:53:25','2020-10-27 22:53:25',0,1,'学校86','学校80'),(44,360,403,'2020-10-27 22:53:25','2020-10-27 22:53:25',0,1,'学校23','学校66'),(45,372,344,'2020-10-27 22:53:25','2020-10-27 22:53:25',0,1,'学校35','学校7'),(46,341,426,'2020-10-27 22:53:25','2020-10-27 22:53:25',0,1,'学校4','学校89'),(47,411,404,'2020-10-27 22:53:25','2020-10-27 22:53:25',0,1,'学校74','学校67'),(48,423,350,'2020-10-27 22:53:25','2020-10-27 22:53:25',0,1,'学校86','学校13'),(49,367,428,'2020-10-27 22:53:25','2020-10-27 22:53:25',0,1,'学校30','学校91'),(50,431,356,'2020-10-27 22:53:26','2020-10-27 22:53:26',0,1,'学校94','学校19'),(51,355,344,'2020-10-27 22:53:26','2020-10-27 22:53:26',0,1,'学校18','学校7'),(52,375,383,'2020-10-27 22:53:26','2020-10-27 22:53:26',0,1,'学校38','学校46'),(53,391,421,'2020-10-27 22:53:26','2020-10-27 22:53:26',0,1,'学校54','学校84'),(54,413,399,'2020-10-27 22:53:26','2020-10-27 22:53:26',0,1,'学校76','学校62'),(55,412,364,'2020-10-27 22:53:26','2020-10-27 22:53:26',0,1,'学校75','学校27'),(56,3,4,'2020-10-27 22:53:26','2020-10-27 22:53:26',0,1,'广东外语外贸大学','中山大学ZSDX'),(57,385,406,'2020-10-27 22:53:26','2020-10-27 22:53:26',0,1,'学校48','学校69'),(58,356,415,'2020-10-27 22:53:27','2020-10-27 22:53:27',0,1,'学校19','学校78'),(59,341,416,'2020-10-27 22:53:27','2020-10-27 22:53:27',0,1,'学校4','学校79'),(60,399,428,'2020-10-27 22:53:27','2020-10-27 22:53:27',0,1,'学校62','学校91'),(61,346,406,'2020-10-27 22:53:27','2020-10-27 22:53:27',0,1,'学校9','学校69'),(62,353,411,'2020-10-27 22:53:27','2020-10-27 22:53:27',0,1,'学校16','学校74'),(63,422,364,'2020-10-27 22:53:27','2020-10-27 22:53:27',0,1,'学校85','学校27'),(64,407,429,'2020-10-27 22:53:27','2020-10-27 22:53:27',0,1,'学校70','学校92'),(65,429,419,'2020-10-27 22:53:27','2020-10-27 22:53:27',0,1,'学校92','学校82'),(66,417,419,'2020-10-27 22:53:27','2020-10-27 22:53:27',0,1,'学校80','学校82'),(67,354,416,'2020-10-27 22:53:27','2020-10-27 22:53:27',0,1,'学校17','学校79'),(68,369,340,'2020-10-27 22:53:27','2020-10-27 22:53:27',0,1,'学校32','学校3'),(69,418,357,'2020-10-27 22:53:27','2020-10-27 22:53:27',0,1,'学校81','学校20'),(70,375,406,'2020-10-27 22:53:28','2020-10-27 22:53:28',0,1,'学校38','学校69'),(71,359,346,'2020-10-27 22:53:28','2020-10-27 22:53:28',0,1,'学校22','学校9'),(72,355,383,'2020-10-27 22:53:28','2020-10-27 22:53:28',0,1,'学校18','学校46'),(73,371,369,'2020-10-27 22:53:28','2020-10-27 22:53:28',0,1,'学校34','学校32'),(74,388,420,'2020-10-27 22:53:28','2020-10-27 22:53:28',0,1,'学校51','学校83'),(75,343,388,'2020-10-27 22:53:28','2020-10-27 22:53:28',0,1,'学校6','学校51'),(76,371,406,'2020-10-27 22:53:28','2020-10-27 22:53:28',0,1,'学校34','学校69'),(77,409,400,'2020-10-27 22:53:28','2020-10-27 22:53:28',0,1,'学校72','学校63'),(78,345,397,'2020-10-27 22:53:28','2020-10-27 22:53:28',0,1,'学校8','学校60'),(79,431,368,'2020-10-27 22:53:28','2020-10-27 22:53:28',0,1,'学校94','学校31'),(80,365,427,'2020-10-27 22:53:28','2020-10-27 22:53:28',0,1,'学校28','学校90'),(81,395,346,'2020-10-27 22:53:29','2020-10-27 22:53:29',0,1,'学校58','学校9'),(82,342,356,'2020-10-27 22:53:29','2020-10-27 22:53:29',0,1,'学校5','学校19'),(83,396,425,'2020-10-27 22:53:29','2020-10-27 22:53:29',0,1,'学校59','学校88'),(84,365,417,'2020-10-27 22:53:29','2020-10-27 22:53:29',0,1,'学校28','学校80'),(85,402,375,'2020-10-27 22:53:29','2020-10-27 22:53:29',0,1,'学校65','学校38'),(86,346,392,'2020-10-27 22:53:29','2020-10-27 22:53:29',0,1,'学校9','学校55'),(87,350,357,'2020-10-27 22:53:29','2020-10-27 22:53:29',0,1,'学校13','学校20'),(88,348,393,'2020-10-27 22:53:29','2020-10-27 22:53:29',0,1,'学校11','学校56'),(89,2,424,'2020-10-27 22:53:29','2020-10-27 22:53:29',0,1,'GDUFS','学校87'),(90,414,346,'2020-10-27 22:53:30','2020-10-27 22:53:30',0,1,'学校77','学校9'),(91,363,425,'2020-10-27 22:53:30','2020-10-27 22:53:30',0,1,'学校26','学校88'),(92,4,3,'2020-10-27 22:53:30','2020-10-27 22:53:30',0,1,'中山大学ZSDX1','广东外语外贸大学'),(93,393,421,'2020-10-27 22:53:30','2020-10-27 22:53:30',0,1,'学校56','学校84'),(94,394,367,'2020-10-27 22:53:30','2020-10-27 22:53:30',0,1,'学校57','学校30'),(95,4,3,'2020-10-27 22:53:30','2020-10-27 22:53:30',0,1,'中山大学ZSDX1','广东外语外贸大学'),(96,387,384,'2020-10-27 22:53:30','2020-10-27 22:53:30',0,1,'学校50','学校47'),(97,4,2,'2020-10-27 22:53:30','2020-10-27 22:53:30',0,1,'中山大学ZSDX1','GDUFS'),(98,377,412,'2020-10-27 22:53:30','2020-10-27 22:53:30',0,1,'学校40','学校75'),(99,363,424,'2020-10-27 22:53:31','2020-10-27 22:53:31',0,1,'学校26','学校87'),(100,369,397,'2020-10-27 22:53:31','2020-10-27 22:53:31',0,1,'学校32','学校60'),(101,371,378,'2020-10-27 22:53:31','2020-10-27 22:53:31',0,1,'学校34','学校41'),(102,3,414,'2020-10-27 22:53:31','2020-10-27 22:53:31',0,1,'广东外语外贸大学','学校77'),(103,373,410,'2020-10-27 22:53:31','2020-10-27 22:53:31',0,1,'学校36','学校73'),(104,388,3,'2020-10-27 22:53:31','2020-10-27 22:53:31',0,1,'学校51','广东外语外贸大学'),(105,1,4,'2020-10-27 22:53:31','2020-10-27 22:53:31',0,1,'广东无语外贸大学','中山大学ZSDX1'),(106,427,380,'2020-10-27 22:53:31','2020-10-27 22:53:31',0,1,'学校90','学校43'),(107,426,428,'2020-10-27 22:53:32','2020-10-27 22:53:32',0,1,'学校89','学校91'),(108,423,410,'2020-10-27 22:53:32','2020-10-27 22:53:32',0,1,'学校86','学校73'),(109,395,407,'2020-10-27 22:53:32','2020-10-27 22:53:32',0,1,'学校58','学校70'),(110,410,387,'2020-10-27 22:53:33','2020-10-27 22:53:33',0,1,'学校73','学校50'),(111,422,419,'2020-10-27 22:53:33','2020-10-27 22:53:33',0,1,'学校85','学校82'),(112,397,418,'2020-10-27 22:53:33','2020-10-27 22:53:33',0,1,'学校60','学校81'),(113,356,381,'2020-10-27 22:53:33','2020-10-27 22:53:33',0,1,'学校19','学校44'),(114,4,3,'2020-10-27 22:53:33','2020-10-27 22:53:33',0,1,'中山大学ZSDX','广东外语外贸大学');
/*!40000 ALTER TABLE `sign` ENABLE KEYS */;
UNLOCK TABLES;

--
-- Table structure for table `user`
--

DROP TABLE IF EXISTS `user`;
/*!40101 SET @saved_cs_client     = @@character_set_client */;
/*!50503 SET character_set_client = utf8 */;
CREATE TABLE `user` (
  `id` int NOT NULL AUTO_INCREMENT,
  `username` varchar(200) DEFAULT NULL,
  `password` varchar(200) DEFAULT NULL,
  `schoolname` varchar(200) DEFAULT NULL,
  `contact` varchar(200) DEFAULT NULL COMMENT '联系人',
  `address` varchar(200) DEFAULT NULL COMMENT '学校详细地址\n',
  `telephone` varchar(200) DEFAULT NULL COMMENT '学校官方电话\n',
  `update_time` datetime DEFAULT NULL,
  `schoolCode` varchar(100) DEFAULT NULL COMMENT '学校代码\n',
  `location` varchar(200) DEFAULT NULL COMMENT '用户上次登录的地址',
  `add_time` datetime DEFAULT NULL,
  `lastLoginIp` varchar(200) DEFAULT NULL COMMENT '上次登录ip',
  `lastLoginTime` datetime DEFAULT NULL COMMENT '上次登录时间',
  `deleted` tinyint(1) DEFAULT '0',
  `avatarUrl` varchar(200) DEFAULT NULL,
  `accountStatus` int DEFAULT NULL COMMENT '账户状态',
  `profession` varchar(60) DEFAULT NULL COMMENT '职务',
  `country` varchar(255) DEFAULT NULL COMMENT '学校所在国家',
  `website` varchar(1024) DEFAULT NULL,
  PRIMARY KEY (`id`)
) ENGINE=InnoDB AUTO_INCREMENT=433 DEFAULT CHARSET=utf8 COLLATE=utf8_general_ci;
/*!40101 SET character_set_client = @saved_cs_client */;

--
-- Dumping data for table `user`
--

LOCK TABLES `user` WRITE;
/*!40000 ALTER TABLE `user` DISABLE KEYS */;
INSERT INTO `user` VALUES (1,'807496188@qq.com','$2a$10$/Ru00AZDO/SNTa1GjKBYBekFYITnVx5JIRAUwzGpNW5kBZnF3vEDC','广东无语外贸大学','家禧','南苑','110','2020-10-27 12:21:14',NULL,'局域网IP无法定位','2020-10-11 04:05:05','58.62.42.64','2020-10-18 19:08:28',0,'default.png',1,'老师','中国','https://www.gdufs.edu.cn'),(2,'3011543110@qq.com','$2a$10$4ME7YB1jOc4tL8d6SuPwz.lTdIVgsmssNEzn6jcQYheAhsBi7RYF6','GDUFS','振宇','南苑','120','2020-10-27 22:09:41','111','局域网IP无法定位','2020-10-13 12:01:35','192.168.1.104','2020-10-27 22:09:40',0,'default.png',1,'管理员','中国','https://www.gdufs.edu.cn'),(3,'2812329425@qq.com','$2a$10$OFygDixcEYxcPXa32IAFaugF1056hO36NMDUPFcyuZqmysOmOjLwC','广东外语外贸大学','元夕','小谷围广外东路','18719138325','2020-10-27 12:21:15','1234','IP无法定位','2020-10-22 16:00:57','0:0:0:0:0:0:0:1','2020-10-22 21:45:05',0,'default.png',1,'学生','中国','https://www.gdufs.edu.cn'),(4,'1987151116@qq.com','$2a$10$m8SaUEAAO6oe3bb5XO25o.93QXzKiba7o17k7GZiYM7NJNd5SX6De','中山大学ZSDX1','doctor Sun1','无1','137267795991','2020-10-27 12:21:15',NULL,'IP无法定位','2020-10-22 16:53:10','0:0:0:0:0:0:0:1','2020-10-22 16:56:08',0,'default.jpg',1,'学生1','中国','https://www.gdufs.edu.cn1'),(337,'0@qq.com',NULL,'学校0','联系人0','地址0','电话0','2020-10-27 22:47:24','学校代码0',NULL,'2020-10-27 22:47:24',NULL,NULL,0,NULL,0,'职务0','国家0','网站0'),(338,'1@qq.com',NULL,'学校1','联系人1','地址1','电话1','2020-10-27 22:47:26','学校代码1',NULL,'2020-10-27 22:47:26',NULL,NULL,0,NULL,0,'职务1','国家1','网站1'),(339,'2@qq.com',NULL,'学校2','联系人2','地址2','电话2','2020-10-27 22:47:26','学校代码2',NULL,'2020-10-27 22:47:26',NULL,NULL,0,NULL,0,'职务2','国家2','网站2'),(340,'3@qq.com',NULL,'学校3','联系人3','地址3','电话3','2020-10-27 22:47:26','学校代码3',NULL,'2020-10-27 22:47:26',NULL,NULL,0,NULL,0,'职务3','国家3','网站3'),(341,'4@qq.com',NULL,'学校4','联系人4','地址4','电话4','2020-10-27 22:47:27','学校代码4',NULL,'2020-10-27 22:47:27',NULL,NULL,0,NULL,0,'职务4','国家4','网站4'),(342,'5@qq.com',NULL,'学校5','联系人5','地址5','电话5','2020-10-27 22:47:27','学校代码5',NULL,'2020-10-27 22:47:27',NULL,NULL,0,NULL,0,'职务5','国家5','网站5'),(343,'6@qq.com',NULL,'学校6','联系人6','地址6','电话6','2020-10-27 22:47:27','学校代码6',NULL,'2020-10-27 22:47:27',NULL,NULL,0,NULL,0,'职务6','国家6','网站6'),(344,'7@qq.com',NULL,'学校7','联系人7','地址7','电话7','2020-10-27 22:47:27','学校代码7',NULL,'2020-10-27 22:47:27',NULL,NULL,0,NULL,0,'职务7','国家7','网站7'),(345,'8@qq.com',NULL,'学校8','联系人8','地址8','电话8','2020-10-27 22:47:27','学校代码8',NULL,'2020-10-27 22:47:27',NULL,NULL,0,NULL,0,'职务8','国家8','网站8'),(346,'9@qq.com',NULL,'学校9','联系人9','地址9','电话9','2020-10-27 22:47:27','学校代码9',NULL,'2020-10-27 22:47:27',NULL,NULL,0,NULL,0,'职务9','国家9','网站9'),(347,'10@qq.com',NULL,'学校10','联系人10','地址10','电话10','2020-10-27 22:47:28','学校代码10',NULL,'2020-10-27 22:47:28',NULL,NULL,0,NULL,0,'职务10','国家10','网站10'),(348,'11@qq.com',NULL,'学校11','联系人11','地址11','电话11','2020-10-27 22:47:28','学校代码11',NULL,'2020-10-27 22:47:28',NULL,NULL,0,NULL,0,'职务11','国家11','网站11'),(349,'12@qq.com',NULL,'学校12','联系人12','地址12','电话12','2020-10-27 22:47:28','学校代码12',NULL,'2020-10-27 22:47:28',NULL,NULL,0,NULL,0,'职务12','国家12','网站12'),(350,'13@qq.com',NULL,'学校13','联系人13','地址13','电话13','2020-10-27 22:47:28','学校代码13',NULL,'2020-10-27 22:47:28',NULL,NULL,0,NULL,0,'职务13','国家13','网站13'),(351,'14@qq.com',NULL,'学校14','联系人14','地址14','电话14','2020-10-27 22:47:28','学校代码14',NULL,'2020-10-27 22:47:28',NULL,NULL,0,NULL,0,'职务14','国家14','网站14'),(352,'15@qq.com',NULL,'学校15','联系人15','地址15','电话15','2020-10-27 22:47:28','学校代码15',NULL,'2020-10-27 22:47:28',NULL,NULL,0,NULL,0,'职务15','国家15','网站15'),(353,'16@qq.com',NULL,'学校16','联系人16','地址16','电话16','2020-10-27 22:47:29','学校代码16',NULL,'2020-10-27 22:47:29',NULL,NULL,0,NULL,0,'职务16','国家16','网站16'),(354,'17@qq.com',NULL,'学校17','联系人17','地址17','电话17','2020-10-27 22:47:29','学校代码17',NULL,'2020-10-27 22:47:29',NULL,NULL,0,NULL,0,'职务17','国家17','网站17'),(355,'18@qq.com',NULL,'学校18','联系人18','地址18','电话18','2020-10-27 22:47:29','学校代码18',NULL,'2020-10-27 22:47:29',NULL,NULL,0,NULL,0,'职务18','国家18','网站18'),(356,'19@qq.com',NULL,'学校19','联系人19','地址19','电话19','2020-10-27 22:47:29','学校代码19',NULL,'2020-10-27 22:47:29',NULL,NULL,0,NULL,0,'职务19','国家19','网站19'),(357,'20@qq.com',NULL,'学校20','联系人20','地址20','电话20','2020-10-27 22:47:30','学校代码20',NULL,'2020-10-27 22:47:30',NULL,NULL,0,NULL,0,'职务20','国家20','网站20'),(358,'21@qq.com',NULL,'学校21','联系人21','地址21','电话21','2020-10-27 22:47:30','学校代码21',NULL,'2020-10-27 22:47:30',NULL,NULL,0,NULL,0,'职务21','国家21','网站21'),(359,'22@qq.com',NULL,'学校22','联系人22','地址22','电话22','2020-10-27 22:47:30','学校代码22',NULL,'2020-10-27 22:47:30',NULL,NULL,0,NULL,0,'职务22','国家22','网站22'),(360,'23@qq.com',NULL,'学校23','联系人23','地址23','电话23','2020-10-27 22:47:30','学校代码23',NULL,'2020-10-27 22:47:30',NULL,NULL,0,NULL,0,'职务23','国家23','网站23'),(361,'24@qq.com',NULL,'学校24','联系人24','地址24','电话24','2020-10-27 22:47:30','学校代码24',NULL,'2020-10-27 22:47:30',NULL,NULL,0,NULL,0,'职务24','国家24','网站24'),(362,'25@qq.com',NULL,'学校25','联系人25','地址25','电话25','2020-10-27 22:47:31','学校代码25',NULL,'2020-10-27 22:47:31',NULL,NULL,0,NULL,0,'职务25','国家25','网站25'),(363,'26@qq.com',NULL,'学校26','联系人26','地址26','电话26','2020-10-27 22:47:31','学校代码26',NULL,'2020-10-27 22:47:31',NULL,NULL,0,NULL,0,'职务26','国家26','网站26'),(364,'27@qq.com',NULL,'学校27','联系人27','地址27','电话27','2020-10-27 22:47:31','学校代码27',NULL,'2020-10-27 22:47:31',NULL,NULL,0,NULL,0,'职务27','国家27','网站27'),(365,'28@qq.com',NULL,'学校28','联系人28','地址28','电话28','2020-10-27 22:47:32','学校代码28',NULL,'2020-10-27 22:47:32',NULL,NULL,0,NULL,0,'职务28','国家28','网站28'),(366,'29@qq.com',NULL,'学校29','联系人29','地址29','电话29','2020-10-27 22:47:32','学校代码29',NULL,'2020-10-27 22:47:32',NULL,NULL,0,NULL,0,'职务29','国家29','网站29'),(367,'30@qq.com',NULL,'学校30','联系人30','地址30','电话30','2020-10-27 22:47:33','学校代码30',NULL,'2020-10-27 22:47:33',NULL,NULL,0,NULL,0,'职务30','国家30','网站30'),(368,'31@qq.com',NULL,'学校31','联系人31','地址31','电话31','2020-10-27 22:47:33','学校代码31',NULL,'2020-10-27 22:47:33',NULL,NULL,0,NULL,0,'职务31','国家31','网站31'),(369,'32@qq.com',NULL,'学校32','联系人32','地址32','电话32','2020-10-27 22:47:33','学校代码32',NULL,'2020-10-27 22:47:33',NULL,NULL,0,NULL,0,'职务32','国家32','网站32'),(370,'33@qq.com',NULL,'学校33','联系人33','地址33','电话33','2020-10-27 22:47:33','学校代码33',NULL,'2020-10-27 22:47:33',NULL,NULL,0,NULL,0,'职务33','国家33','网站33'),(371,'34@qq.com',NULL,'学校34','联系人34','地址34','电话34','2020-10-27 22:47:34','学校代码34',NULL,'2020-10-27 22:47:34',NULL,NULL,0,NULL,0,'职务34','国家34','网站34'),(372,'35@qq.com',NULL,'学校35','联系人35','地址35','电话35','2020-10-27 22:47:34','学校代码35',NULL,'2020-10-27 22:47:34',NULL,NULL,0,NULL,0,'职务35','国家35','网站35'),(373,'36@qq.com',NULL,'学校36','联系人36','地址36','电话36','2020-10-27 22:47:34','学校代码36',NULL,'2020-10-27 22:47:34',NULL,NULL,0,NULL,0,'职务36','国家36','网站36'),(374,'37@qq.com',NULL,'学校37','联系人37','地址37','电话37','2020-10-27 22:47:34','学校代码37',NULL,'2020-10-27 22:47:34',NULL,NULL,0,NULL,0,'职务37','国家37','网站37'),(375,'38@qq.com',NULL,'学校38','联系人38','地址38','电话38','2020-10-27 22:47:34','学校代码38',NULL,'2020-10-27 22:47:34',NULL,NULL,0,NULL,0,'职务38','国家38','网站38'),(376,'39@qq.com',NULL,'学校39','联系人39','地址39','电话39','2020-10-27 22:47:35','学校代码39',NULL,'2020-10-27 22:47:35',NULL,NULL,0,NULL,0,'职务39','国家39','网站39'),(377,'40@qq.com',NULL,'学校40','联系人40','地址40','电话40','2020-10-27 22:47:35','学校代码40',NULL,'2020-10-27 22:47:35',NULL,NULL,0,NULL,0,'职务40','国家40','网站40'),(378,'41@qq.com',NULL,'学校41','联系人41','地址41','电话41','2020-10-27 22:47:35','学校代码41',NULL,'2020-10-27 22:47:35',NULL,NULL,0,NULL,0,'职务41','国家41','网站41'),(379,'42@qq.com',NULL,'学校42','联系人42','地址42','电话42','2020-10-27 22:47:35','学校代码42',NULL,'2020-10-27 22:47:35',NULL,NULL,0,NULL,0,'职务42','国家42','网站42'),(380,'43@qq.com',NULL,'学校43','联系人43','地址43','电话43','2020-10-27 22:47:35','学校代码43',NULL,'2020-10-27 22:47:35',NULL,NULL,0,NULL,0,'职务43','国家43','网站43'),(381,'44@qq.com',NULL,'学校44','联系人44','地址44','电话44','2020-10-27 22:47:36','学校代码44',NULL,'2020-10-27 22:47:36',NULL,NULL,0,NULL,0,'职务44','国家44','网站44'),(382,'45@qq.com',NULL,'学校45','联系人45','地址45','电话45','2020-10-27 22:47:36','学校代码45',NULL,'2020-10-27 22:47:36',NULL,NULL,0,NULL,0,'职务45','国家45','网站45'),(383,'46@qq.com',NULL,'学校46','联系人46','地址46','电话46','2020-10-27 22:47:36','学校代码46',NULL,'2020-10-27 22:47:36',NULL,NULL,0,NULL,0,'职务46','国家46','网站46'),(384,'47@qq.com',NULL,'学校47','联系人47','地址47','电话47','2020-10-27 22:47:36','学校代码47',NULL,'2020-10-27 22:47:36',NULL,NULL,0,NULL,0,'职务47','国家47','网站47'),(385,'48@qq.com',NULL,'学校48','联系人48','地址48','电话48','2020-10-27 22:47:36','学校代码48',NULL,'2020-10-27 22:47:36',NULL,NULL,0,NULL,0,'职务48','国家48','网站48'),(386,'49@qq.com',NULL,'学校49','联系人49','地址49','电话49','2020-10-27 22:47:36','学校代码49',NULL,'2020-10-27 22:47:36',NULL,NULL,0,NULL,0,'职务49','国家49','网站49'),(387,'50@qq.com',NULL,'学校50','联系人50','地址50','电话50','2020-10-27 22:47:37','学校代码50',NULL,'2020-10-27 22:47:37',NULL,NULL,0,NULL,0,'职务50','国家50','网站50'),(388,'51@qq.com',NULL,'学校51','联系人51','地址51','电话51','2020-10-27 22:47:37','学校代码51',NULL,'2020-10-27 22:47:37',NULL,NULL,0,NULL,0,'职务51','国家51','网站51'),(389,'52@qq.com',NULL,'学校52','联系人52','地址52','电话52','2020-10-27 22:47:38','学校代码52',NULL,'2020-10-27 22:47:38',NULL,NULL,0,NULL,0,'职务52','国家52','网站52'),(390,'53@qq.com',NULL,'学校53','联系人53','地址53','电话53','2020-10-27 22:47:38','学校代码53',NULL,'2020-10-27 22:47:38',NULL,NULL,0,NULL,0,'职务53','国家53','网站53'),(391,'54@qq.com',NULL,'学校54','联系人54','地址54','电话54','2020-10-27 22:47:38','学校代码54',NULL,'2020-10-27 22:47:38',NULL,NULL,0,NULL,0,'职务54','国家54','网站54'),(392,'55@qq.com',NULL,'学校55','联系人55','地址55','电话55','2020-10-27 22:47:38','学校代码55',NULL,'2020-10-27 22:47:38',NULL,NULL,0,NULL,0,'职务55','国家55','网站55'),(393,'56@qq.com',NULL,'学校56','联系人56','地址56','电话56','2020-10-27 22:47:38','学校代码56',NULL,'2020-10-27 22:47:38',NULL,NULL,0,NULL,0,'职务56','国家56','网站56'),(394,'57@qq.com',NULL,'学校57','联系人57','地址57','电话57','2020-10-27 22:47:38','学校代码57',NULL,'2020-10-27 22:47:38',NULL,NULL,0,NULL,0,'职务57','国家57','网站57'),(395,'58@qq.com',NULL,'学校58','联系人58','地址58','电话58','2020-10-27 22:47:39','学校代码58',NULL,'2020-10-27 22:47:39',NULL,NULL,0,NULL,0,'职务58','国家58','网站58'),(396,'59@qq.com',NULL,'学校59','联系人59','地址59','电话59','2020-10-27 22:47:39','学校代码59',NULL,'2020-10-27 22:47:39',NULL,NULL,0,NULL,0,'职务59','国家59','网站59'),(397,'60@qq.com',NULL,'学校60','联系人60','地址60','电话60','2020-10-27 22:47:39','学校代码60',NULL,'2020-10-27 22:47:39',NULL,NULL,0,NULL,0,'职务60','国家60','网站60'),(398,'61@qq.com',NULL,'学校61','联系人61','地址61','电话61','2020-10-27 22:47:39','学校代码61',NULL,'2020-10-27 22:47:39',NULL,NULL,0,NULL,0,'职务61','国家61','网站61'),(399,'62@qq.com',NULL,'学校62','联系人62','地址62','电话62','2020-10-27 22:47:39','学校代码62',NULL,'2020-10-27 22:47:39',NULL,NULL,0,NULL,0,'职务62','国家62','网站62'),(400,'63@qq.com',NULL,'学校63','联系人63','地址63','电话63','2020-10-27 22:47:40','学校代码63',NULL,'2020-10-27 22:47:40',NULL,NULL,0,NULL,0,'职务63','国家63','网站63'),(401,'64@qq.com',NULL,'学校64','联系人64','地址64','电话64','2020-10-27 22:47:40','学校代码64',NULL,'2020-10-27 22:47:40',NULL,NULL,0,NULL,0,'职务64','国家64','网站64'),(402,'65@qq.com',NULL,'学校65','联系人65','地址65','电话65','2020-10-27 22:47:40','学校代码65',NULL,'2020-10-27 22:47:40',NULL,NULL,0,NULL,0,'职务65','国家65','网站65'),(403,'66@qq.com',NULL,'学校66','联系人66','地址66','电话66','2020-10-27 22:47:40','学校代码66',NULL,'2020-10-27 22:47:40',NULL,NULL,0,NULL,0,'职务66','国家66','网站66'),(404,'67@qq.com',NULL,'学校67','联系人67','地址67','电话67','2020-10-27 22:47:40','学校代码67',NULL,'2020-10-27 22:47:40',NULL,NULL,0,NULL,0,'职务67','国家67','网站67'),(405,'68@qq.com',NULL,'学校68','联系人68','地址68','电话68','2020-10-27 22:47:41','学校代码68',NULL,'2020-10-27 22:47:41',NULL,NULL,0,NULL,0,'职务68','国家68','网站68'),(406,'69@qq.com',NULL,'学校69','联系人69','地址69','电话69','2020-10-27 22:47:41','学校代码69',NULL,'2020-10-27 22:47:41',NULL,NULL,0,NULL,0,'职务69','国家69','网站69'),(407,'70@qq.com',NULL,'学校70','联系人70','地址70','电话70','2020-10-27 22:47:41','学校代码70',NULL,'2020-10-27 22:47:41',NULL,NULL,0,NULL,0,'职务70','国家70','网站70'),(408,'71@qq.com',NULL,'学校71','联系人71','地址71','电话71','2020-10-27 22:47:41','学校代码71',NULL,'2020-10-27 22:47:41',NULL,NULL,0,NULL,0,'职务71','国家71','网站71'),(409,'72@qq.com',NULL,'学校72','联系人72','地址72','电话72','2020-10-27 22:47:41','学校代码72',NULL,'2020-10-27 22:47:41',NULL,NULL,0,NULL,0,'职务72','国家72','网站72'),(410,'73@qq.com',NULL,'学校73','联系人73','地址73','电话73','2020-10-27 22:47:41','学校代码73',NULL,'2020-10-27 22:47:41',NULL,NULL,0,NULL,0,'职务73','国家73','网站73'),(411,'74@qq.com',NULL,'学校74','联系人74','地址74','电话74','2020-10-27 22:47:42','学校代码74',NULL,'2020-10-27 22:47:42',NULL,NULL,0,NULL,0,'职务74','国家74','网站74'),(412,'75@qq.com',NULL,'学校75','联系人75','地址75','电话75','2020-10-27 22:47:42','学校代码75',NULL,'2020-10-27 22:47:42',NULL,NULL,0,NULL,0,'职务75','国家75','网站75'),(413,'76@qq.com',NULL,'学校76','联系人76','地址76','电话76','2020-10-27 22:47:42','学校代码76',NULL,'2020-10-27 22:47:42',NULL,NULL,0,NULL,0,'职务76','国家76','网站76'),(414,'77@qq.com',NULL,'学校77','联系人77','地址77','电话77','2020-10-27 22:47:42','学校代码77',NULL,'2020-10-27 22:47:42',NULL,NULL,0,NULL,0,'职务77','国家77','网站77'),(415,'78@qq.com',NULL,'学校78','联系人78','地址78','电话78','2020-10-27 22:47:42','学校代码78',NULL,'2020-10-27 22:47:42',NULL,NULL,0,NULL,0,'职务78','国家78','网站78'),(416,'79@qq.com',NULL,'学校79','联系人79','地址79','电话79','2020-10-27 22:47:42','学校代码79',NULL,'2020-10-27 22:47:42',NULL,NULL,0,NULL,0,'职务79','国家79','网站79'),(417,'80@qq.com',NULL,'学校80','联系人80','地址80','电话80','2020-10-27 22:47:43','学校代码80',NULL,'2020-10-27 22:47:43',NULL,NULL,0,NULL,0,'职务80','国家80','网站80'),(418,'81@qq.com',NULL,'学校81','联系人81','地址81','电话81','2020-10-27 22:47:43','学校代码81',NULL,'2020-10-27 22:47:43',NULL,NULL,0,NULL,0,'职务81','国家81','网站81'),(419,'82@qq.com',NULL,'学校82','联系人82','地址82','电话82','2020-10-27 22:47:43','学校代码82',NULL,'2020-10-27 22:47:43',NULL,NULL,0,NULL,0,'职务82','国家82','网站82'),(420,'83@qq.com',NULL,'学校83','联系人83','地址83','电话83','2020-10-27 22:47:43','学校代码83',NULL,'2020-10-27 22:47:43',NULL,NULL,0,NULL,0,'职务83','国家83','网站83'),(421,'84@qq.com',NULL,'学校84','联系人84','地址84','电话84','2020-10-27 22:47:43','学校代码84',NULL,'2020-10-27 22:47:43',NULL,NULL,0,NULL,0,'职务84','国家84','网站84'),(422,'85@qq.com',NULL,'学校85','联系人85','地址85','电话85','2020-10-27 22:47:44','学校代码85',NULL,'2020-10-27 22:47:44',NULL,NULL,0,NULL,0,'职务85','国家85','网站85'),(423,'86@qq.com',NULL,'学校86','联系人86','地址86','电话86','2020-10-27 22:47:44','学校代码86',NULL,'2020-10-27 22:47:44',NULL,NULL,0,NULL,0,'职务86','国家86','网站86'),(424,'87@qq.com',NULL,'学校87','联系人87','地址87','电话87','2020-10-27 22:47:44','学校代码87',NULL,'2020-10-27 22:47:44',NULL,NULL,0,NULL,0,'职务87','国家87','网站87'),(425,'88@qq.com',NULL,'学校88','联系人88','地址88','电话88','2020-10-27 22:47:44','学校代码88',NULL,'2020-10-27 22:47:44',NULL,NULL,0,NULL,0,'职务88','国家88','网站88'),(426,'89@qq.com',NULL,'学校89','联系人89','地址89','电话89','2020-10-27 22:47:44','学校代码89',NULL,'2020-10-27 22:47:44',NULL,NULL,0,NULL,0,'职务89','国家89','网站89'),(427,'90@qq.com',NULL,'学校90','联系人90','地址90','电话90','2020-10-27 22:47:45','学校代码90',NULL,'2020-10-27 22:47:45',NULL,NULL,0,NULL,0,'职务90','国家90','网站90'),(428,'91@qq.com',NULL,'学校91','联系人91','地址91','电话91','2020-10-27 22:47:45','学校代码91',NULL,'2020-10-27 22:47:45',NULL,NULL,0,NULL,0,'职务91','国家91','网站91'),(429,'92@qq.com',NULL,'学校92','联系人92','地址92','电话92','2020-10-27 22:47:45','学校代码92',NULL,'2020-10-27 22:47:45',NULL,NULL,0,NULL,0,'职务92','国家92','网站92'),(430,'93@qq.com',NULL,'学校93','联系人93','地址93','电话93','2020-10-27 22:47:45','学校代码93',NULL,'2020-10-27 22:47:45',NULL,NULL,0,NULL,0,'职务93','国家93','网站93'),(431,'94@qq.com',NULL,'学校94','联系人94','地址94','电话94','2020-10-27 22:47:45','学校代码94',NULL,'2020-10-27 22:47:45',NULL,NULL,0,NULL,0,'职务94','国家94','网站94'),(432,'95@qq.com',NULL,'学校95','联系人95','地址95','电话95','2020-10-27 22:47:46','学校代码95',NULL,'2020-10-27 22:47:46',NULL,NULL,0,NULL,0,'职务95','国家95','网站95');
/*!40000 ALTER TABLE `user` ENABLE KEYS */;
UNLOCK TABLES;

--
-- Table structure for table `usertorole`
--

DROP TABLE IF EXISTS `usertorole`;
/*!40101 SET @saved_cs_client     = @@character_set_client */;
/*!50503 SET character_set_client = utf8 */;
CREATE TABLE `usertorole` (
  `id` int NOT NULL AUTO_INCREMENT,
  `userId` int DEFAULT NULL,
  `roleId` int DEFAULT NULL,
  PRIMARY KEY (`id`),
  KEY `usertorole_role__fk` (`roleId`),
  KEY `usertorole_user__fk` (`userId`),
  CONSTRAINT `usertorole_role__fk` FOREIGN KEY (`roleId`) REFERENCES `role` (`id`),
  CONSTRAINT `usertorole_user__fk` FOREIGN KEY (`userId`) REFERENCES `user` (`id`) ON DELETE CASCADE ON UPDATE CASCADE
) ENGINE=InnoDB AUTO_INCREMENT=321 DEFAULT CHARSET=utf8 COLLATE=utf8_general_ci;
/*!40101 SET character_set_client = @saved_cs_client */;

--
-- Dumping data for table `usertorole`
--

LOCK TABLES `usertorole` WRITE;
/*!40000 ALTER TABLE `usertorole` DISABLE KEYS */;
INSERT INTO `usertorole` VALUES (1,1,2),(2,2,1),(3,3,2),(4,4,2),(225,337,2),(226,338,2),(227,339,2),(228,340,2),(229,341,2),(230,342,2),(231,343,2),(232,344,2),(233,345,2),(234,346,2),(235,347,2),(236,348,2),(237,349,2),(238,350,2),(239,351,2),(240,352,2),(241,353,2),(242,354,2),(243,355,2),(244,356,2),(245,357,2),(246,358,2),(247,359,2),(248,360,2),(249,361,2),(250,362,2),(251,363,2),(252,364,2),(253,365,2),(254,366,2),(255,367,2),(256,368,2),(257,369,2),(258,370,2),(259,371,2),(260,372,2),(261,373,2),(262,374,2),(263,375,2),(264,376,2),(265,377,2),(266,378,2),(267,379,2),(268,380,2),(269,381,2),(270,382,2),(271,383,2),(272,384,2),(273,385,2),(274,386,2),(275,387,2),(276,388,2),(277,389,2),(278,390,2),(279,391,2),(280,392,2),(281,393,2),(282,394,2),(283,395,2),(284,396,2),(285,397,2),(286,398,2),(287,399,2),(288,400,2),(289,401,2),(290,402,2),(291,403,2),(292,404,2),(293,405,2),(294,406,2),(295,407,2),(296,408,2),(297,409,2),(298,410,2),(299,411,2),(300,412,2),(301,413,2),(302,414,2),(303,415,2),(304,416,2),(305,417,2),(306,418,2),(307,419,2),(308,420,2),(309,421,2),(310,422,2),(311,423,2),(312,424,2),(313,425,2),(314,426,2),(315,427,2),(316,428,2),(317,429,2),(318,430,2),(319,431,2),(320,432,2);
/*!40000 ALTER TABLE `usertorole` ENABLE KEYS */;
UNLOCK TABLES;
/*!40103 SET TIME_ZONE=@OLD_TIME_ZONE */;

/*!40101 SET SQL_MODE=@OLD_SQL_MODE */;
/*!40014 SET FOREIGN_KEY_CHECKS=@OLD_FOREIGN_KEY_CHECKS */;
/*!40014 SET UNIQUE_CHECKS=@OLD_UNIQUE_CHECKS */;
/*!40101 SET CHARACTER_SET_CLIENT=@OLD_CHARACTER_SET_CLIENT */;
/*!40101 SET CHARACTER_SET_RESULTS=@OLD_CHARACTER_SET_RESULTS */;
/*!40101 SET COLLATION_CONNECTION=@OLD_COLLATION_CONNECTION */;
/*!40111 SET SQL_NOTES=@OLD_SQL_NOTES */;

-- Dump completed on 2020-10-27 22:55:02
